URL,Последнее сканирование
https://omonjewelry.com/products/18k-gold-plated-stainless-steel-chain-necklace,2026-02-14
https://omonjewelry.com/products/gold-trio-hoop-earring-set?variant=52712948924691,2026-02-11
https://omonjewelry.com/products/horseshoe-necklace-stainless-steel-snake-chain-gold-silver,2026-02-11
https://omonjewelry.com/collections/earrings,2026-02-11
https://omonjewelry.com/password,2026-02-10
https://omonjewelry.com/products/18k-gold-plated-stainless-steel-chain-necklace-with-oval-pendant,2026-02-09
http://omonjewelry.com/,2026-02-09
https://omonjewelry.com/products/link-choker-necklace-18-gold-plated,2026-02-09
https://omonjewelry.com/collections/bracelet,2026-02-08
https://omonjewelry.com/products/oval-drop-chain-necklace,2026-02-08
https://omonjewelry.com/products/omon-18k-gold-plated-stainless-steel-chain-necklace-1,2026-02-08
https://omonjewelry.com/fr/products/baguette-crystal-charm-18k-gold-plated,2026-02-07
https://omonjewelry.com/products/minimalist-open-cuff-bracelet-in-18k-gold-plated-stainless-steel?variant=52770935374099,2026-02-06
https://omonjewelry.com/products/matchstick-enamel-charm-pendant-gold-tone-or-silver-tone-red-flame,2026-02-06
https://omonjewelry.com/fr/products/horseshoe-necklace-stainless-steel-snake-chain-gold-silver,2026-02-05
https://omonjewelry.com/products/gold-pearl-ear-cuff-without-piercing,2026-02-05
https://omonjewelry.com/products/matchstick-enamel-charm-pendant-gold-tone-or-silver-tone-red-flame?variant=52773495177491&country=US&currency=USD,2026-02-05
https://omonjewelry.com/collections/pendant,2026-02-04
https://omonjewelry.com/fr/collections/sale,2026-02-03
https://omonjewelry.com/fr/products/gold-pearl-ear-cuff-without-piercing,2026-02-03
https://omonjewelry.com/products/smooth-chunky-18k-gold-silver-hoop-earrings,2026-02-02
https://omonjewelry.com/fr/products/oval-drop-chain-necklace,2026-02-02
https://www.omonjewelry.com/,2026-02-02
https://omonjewelry.com/products/soft-glow-beaded-chain-necklace-gold-silver-tone,2026-02-02
http://www.omonjewelry.com/,2026-02-01
https://omonjewelry.com/products/ring-holder-necklace,2026-02-01
https://omonjewelry.com/products/smooth-chunky-18k-gold-silver-hoop-earrings?variant=52719694512403,2026-01-27
https://omonjewelry.com/products/smooth-chunky-earrings,2026-01-26
https://omonjewelry.com/products/pearl-ear-cuff,2026-01-25
https://omonjewelry.com/fr/products/pearl-ear-cuff,2026-01-24
https://omonjewelry.com/products/minimal-3-in-1-pin-earring-pendant-925-silver-cz-zircon-diamond-18k-gold-plated-platinum-plated?variant=52705335247123,2026-01-23
https://omonjewelry.com/products/minimal-3-in-1-pin-earring-pendant-925-silver-cz-zircon-diamond-18k-gold-plated-platinum-plated,2025-12-31
https://omonjewelry.com/fr/products/layered-circle-pendant-stainless-steel-necklace-18k-gold-plated-silver,2025-12-29
https://omonjewelry.com/fr/products/freshwater-pearl-drop-stainless-steel-hoop-earrings-925-silver-18-gold-plated,2025-12-28
https://omonjewelry.com/products/pearl-drop-hoop-earrings-copy,2025-12-28
https://omonjewelry.com/products/two-tone-stainless-steel-hoop-earrings-18k-gold-and-silver-plated,2025-12-28
https://omonjewelry.com/products/omon-pearl-drop-hoop-earrings-copy,2025-12-28
https://omonjewelry.com/products/layered-circle-pendant-stainless-steel-necklace-18k-gold-plated-silver,2025-12-26
https://omonjewelry.com/products/omon-18k-gold-plated-stainless-steel-chain-necklace-1?variant=52705011400979,2025-12-26
https://omonjewelry.com/products/18k-gold-plated-stainless-steel-chain-necklace-with-oval-pendant?variant=52705011400979,2025-12-26
https://omonjewelry.com/fr/products/silver-sunburst-stainless-steel-stud-earrings,2025-12-24
https://omonjewelry.com/products/silver-sunburst-stainless-steel-stud-earrings,2025-12-24
https://omonjewelry.com/products/mini-heart-stud-earrings-925-silver-gold-silver-tones?variant=52771071000851,2025-12-23
https://omonjewelry.com/products/link-choker-necklace,2025-12-23
https://omonjewelry.com/fr/products/two-tone-stainless-steel-hoop-earrings-18k-gold-and-silver-plated,2025-12-22
https://omonjewelry.com/products/two-tone-stainless-steel-hoop-earrings-18k-gold-and-silver-plated?variant=52719567929619,2025-12-19
https://omonjewelry.com/products/gold-pearl-ear-cuff-set?variant=52720399286547,2025-12-18
https://omonjewelry.com/products/gold-pearl-ear-cuff-set,2025-12-18
https://omonjewelry.com/products/heart-charm-hoop-earrings?variant=52719634153747,2025-12-18
https://omonjewelry.com/products/o-ring-paperclip-chain-necklace-in-18k-gold-plated-stainless-steel,2025-12-18
https://omonjewelry.com/products/two-tone-ear-cuff-earrings?variant=52720213819667,2025-12-18
https://omonjewelry.com/products/silver-sunburst-stainless-steel-stud-earrings?variant=52705203192083,2025-12-17
https://omonjewelry.com/products/gold-pearl-stainless-steel-ear-cuff-set?variant=52720399286547,2025-12-17
https://omonjewelry.com/products/two-tone-ear-cuff-earrings,2025-12-10
https://omonjewelry.com/collections/frontpage,2025-11-27